name,file,alias,sockets,columns,base,enabled,width,height
Abberath's Hooves,Abberaths_Hooves,,4,2,Goathide Boots,1,2,2
Abberath's Horn,Abberaths_Horn,,3,1,Goat's Horn,1,,
Abhorrent Interrogation,Abhorrent_Interrogation,,4,2,Ambush Mitts,1,2,2
Abyssus,Abyssus,,4,2,Ezomyte Burgonet,1,2,2
Acton's Nightmare,Actons_Nightmare,,0,0,Overgrown Shrine Map,1,1,1
Actum,Actum,,3,2,Butcher Axe,1,,
Advancing Fortress,Advancing_Fortress,,4,2,Gut Ripper,1,,
Aegis Aurora,Aegis_Aurora,,3,2,Champion Kite Shield,1,,
Agnerod East,Agnerod_East,Agnerod_South,6,2,Imperial Staff,1,,
Agnerod North,Agnerod_North,Agnerod_South,6,2,Imperial Staff,1,,
Agnerod South,Agnerod_South,,6,2,Imperial Staff,1,,
Agnerod West,Agnerod_West,Agnerod_South,6,2,Imperial Staff,1,,
Ahkeli's Meadow,Ahkelis_Meadow,,0,0,Ruby Ring,1,1,1
Ahkeli's Mountain,Ahkelis_Mountain,,0,0,Ruby Ring,1,1,1
Ahkeli's Valley,Ahkelis_Valley,,0,0,Ruby Ring,1,1,1
Ahn's Contempt,Ahns_Contempt,,4,2,Praetor Crown,1,2,2
Ahn's Heritage,Ahns_Heritage,,3,2,Colossal Tower Shield,1,,
Ahn's Might,Ahns_Might,,3,2,Midnight Blade,1,2,3
Ahuana's Bite,Ahuanas_Bite,,0,0,Sharktooth Arrow Quiver,1,2,3
Akoya's Gaze,Akoyas_Gaze,,4,2,Regicide Mask,1,2,2
Al Dhih,Al_Dhih,,4,2,Timeworn Claw,1,,
Alberon's Warpath,Alberons_Warpath,,4,2,Soldier Boots,1,2,2
Algor Mortis,Algor_Mortis,,4,2,Carnal Mitts,1,2,2
Allelopathy,Allelopathy,,4,2,Satin Gloves,1,2,2
Allure,Allure,,4,2,Vaal Claw,1,,
Alpha's Howl,Alphas_Howl,,4,2,Sinner Tricorne,1,,
Altered Distant Memory,Altered_Distant_Memory,,0,0,Synthesised Map,1,1,1
Amanamu's Gaze,Amanamus_Gaze,,0,0,Ghastly Eye Jewel,1,1,1
Ambu's Charge,Ambus_Charge,,6,2,Crusader Chainmail,1,,
Amplification Rod,Amplification_Rod,,3,1,Spiraled Wand,0,1,3
Anathema,Anathema,,0,0,Moonstone Ring,1,1,1
Anatomical Knowledge,Anatomical_Knowledge,,0,0,Cobalt Jewel,0,1,1
Ancestral Vision,Ancestral_Vision,,0,0,Viridian Jewel,1,1,1
Ancient Skull,Ancient_Skull,,4,2,Bone Helmet,1,2,2
Ancient Waystones,Ancient_Waystones,,0,0,Crimson Jewel,0,1,1
Andvarius,Andvarius,,0,0,Gold Ring,1,1,1
Angler's Plait,Anglers_Plait,,0,0,Unset Ring,1,1,1
Annihilation's Approach,Annihilations_Approach,,4,2,Dragonscale Boots,1,2,2
Apep's Rage,Apeps_Rage,,3,1,Omen Wand,1,1,3
Apep's Slumber,Apeps_Slumber,,3,2,Vaal Spirit Shield,1,,
Apep's Supremacy,Apeps_Supremacy,,3,2,Vaal Spirit Shield,1,,
Apex Mode,Apex_Mode,,0,0,Cobalt Jewel,1,1,1
Apparitions,Apparitions,,0,0,Viridian Jewel,0,1,1
Arakaali's Fang,Arakaalis_Fang,,3,1,Fiend Dagger,1,,
Araku Tiki,Araku_Tiki,,0,0,Coral Amulet,1,1,1
Arborix,Arborix,,6,2,Assassin Bow,1,,
Architect's Hand,Architects_Hand,,4,2,Ambush Mitts,1,2,2
Arn's Anguish,Arns_Anguish,,0,0,Cloth Belt,1,2,1
Ascent From Flesh,Ascent_From_Flesh,,0,0,Chain Belt,1,2,1
Asenath's Chant,Asenaths_Chant,,4,2,Iron Circlet,0,2,2
Asenath's Gentle Touch,Asenaths_Gentle_Touch,,4,2,Silk Gloves,1,2,2
Asenath's Mark,Asenaths_Mark,,4,2,Iron Circlet,1,2,2
Ashcaller,Ashcaller,,3,1,Carved Wand,1,1,3
Ashes of the Stars,Ashes_of_the_Stars,,0,0,Onyx Amulet,1,1,1
Ashes of the Sun,Ashes_of_the_Sun,,3,2,Driftwood Club,1,,
Ashrend,Ashrend,,6,2,Buckskin Tunic,1,,
Asphyxia's Wrath,Asphyxias_Wrath,,0,0,Feathered Arrow Quiver,1,2,3
Assailum,Assailum,,4,2,Sinner Tricorne,1,,
Assassin's Haste,Assassins_Haste,,0,0,Cobalt Jewel,0,1,1
Astral Projector,Astral_Projector,,0,0,Topaz Ring,1,1,1
Astramentis,Astramentis,,0,0,Onyx Amulet,1,1,1
Atziri's Acuity,Atziris_Acuity,,4,2,Vaal Gauntlets,1,2,2
Atziri's Disfavour,Atziris_Disfavour,,6,2,Vaal Axe,1,,
Atziri's Foible,Atziris_Foible,,0,0,Paua Amulet,1,1,1
Atziri's Mirror,Atziris_Mirror,,3,2,Golden Buckler,0,,
Atziri's Promise,Atziris_Promise,,0,0,Amethyst Flask,1,1,2
Atziri's Reflection,Atziris_Reflection,,3,2,Golden Buckler,1,,
Atziri's Reign,Atziris_Reign,,0,0,Crimson Jewel,1,1,1
Atziri's Rule,Atziris_Rule,,6,2,Judgement Staff,1,,
Atziri's Splendour,Atziris_Splendour,,6,2,Sacrificial Garb,1,,
Atziri's Step,Atziris_Step,,4,2,Slink Boots,1,2,2
Augmented Distant Memory,Augmented_Distant_Memory,,0,0,Synthesised Map,1,1,1
Augyre,Augyre,,3,2,Void Sceptre,1,,
Aukuna's Will,Aukunas_Will,,4,2,Clasped Mitts,1,2,2
Aul's Uprising,Auls_Uprising,,0,0,Onyx Amulet,1,1,1
Aurseize,Aurseize,,4,2,Steelscale Gauntlets,1,2,2
Aurumvorax,Aurumvorax,,3,1,Basket Rapier,1,,
Auxium,Auxium,,0,0,Crystal Belt,1,2,1
Axiom Perpetuum,Axiom_Perpetuum,,3,2,Bronze Sceptre,1,,
Badge of the Brotherhood,Badge_of_the_Brotherhood,,0,0,Turquoise Amulet,1,1,1
Balefire,Balefire,,3,2,Opal Sceptre,1,,
Band of the Victor,Band_of_the_Victor,,0,0,Jet Ring,1,1,1
Bated Breath,Bated_Breath,,0,0,Chain Belt,1,2,1
Beacon of Madness,Beacon_of_Madness,,4,2,Two-Toned Boots,1,2,2
Bear's Girdle,Bears_Girdle,,0,0,Leather Belt,1,2,1
Belly of the Beast,Belly_of_the_Beast,,6,2,Full Wyrmscale,1,,
Belt of the Deceiver,Belt_of_the_Deceiver,,0,0,Heavy Belt,1,2,1
Beltimber Blade,Beltimber_Blade,,3,1,Eternal Sword,1,,
Berek's Grip,Bereks_Grip,,0,0,Two-Stone Ring,1,1,1
Berek's Pass,Bereks_Pass,,0,0,Two-Stone Ring,1,1,1
Berek's Respite,Bereks_Respite,,0,0,Two-Stone Ring,1,1,1
Bino's Kitchen Knife,Binos_Kitchen_Knife,,3,1,Slaughter Knife,1,,
Bisco's Collar,Biscos_Collar,,0,0,Gold Amulet,1,1,1
Bisco's Leash,Biscos_Leash,,0,0,Heavy Belt,1,2,1
Bitterbind Point,Bitterbind_Point,,3,2,Titanium Spirit Shield,1,,
Bitterdream,Bitterdream,,3,2,Shadow Sceptre,1,,
Black Sun Crest,Black_Sun_Crest,,4,2,Lacquered Helmet,1,2,2
Black Zenith,Black_Zenith,,4,2,Fingerless Silk Gloves,1,2,2
Blackflame,Blackflame,,0,0,Amethyst Ring,1,1,1
Blackgleam,Blackgleam,,0,0,Blazing Arrow Quiver,1,2,3
Blackheart,Blackheart,,0,0,Iron Ring,1,1,1
Blasphemer's Grasp,Blasphemers_Grasp,,4,2,Assassin's Mitts,1,2,2
Blightwell,Blightwell,,0,0,Clutching Talisman,1,,
Blood of Corruption,Blood_of_Corruption,,0,0,Amber Amulet,1,1,1
Blood of Summer,Blood_of_Summer,,3,1,Rusted Sword,1,1,3
Blood of the Karui,Blood_of_the_Karui,,0,0,Sanctified Life Flask,1,1,2
Blood Price,Blood_Price,,4,2,Reaver Helmet,1,2,2
Blood Sacrifice,Blood_Sacrifice,,0,0,Crimson Jewel,0,1,1
Bloodbond,Bloodbond,,6,2,Bone Armour,1,,
Bloodgrip,Bloodgrip,,0,0,Marble Amulet,1,1,1
Bloodnotch,Bloodnotch,,0,0,Crimson Jewel,1,1,1
Bloodplay,Bloodplay,,3,1,Stiletto,1,,
Bloodseeker,Bloodseeker,,4,2,Hellion's Paw,1,,
Bloodsoaked Medallion,Bloodsoaked_Medallion,,0,0,Amber Amulet,1,1,1
Blunderbore,Blunderbore,,6,2,Astral Plate,1,2,3
Bones of Ullr,Bones_of_Ullr,,4,2,Silk Slippers,1,2,2
Bottled Faith,Bottled_Faith,,0,0,Sulphur Flask,1,1,2
Bound Fate,Bound_Fate,,0,0,Cloth Belt,1,2,1
Brain Rattler,Brain_Rattler,,6,2,Meatgrinder,1,,
Bramblejack,Bramblejack,,6,2,Plate Vest,1,,
Brawn,Brawn,,0,0,Crimson Jewel,0,1,1
Breath of the Council,Breath_of_the_Council,,3,2,Carnal Sceptre,1,,
Breathstealer,Breathstealer,,4,2,Hydrascale Gauntlets,1,2,2
Brightbeak,Brightbeak,,3,2,War Hammer,1,,
Brinerot Flag,Brinerot_Flag,,3,2,Tarnished Spirit Shield,1,,
Brinerot Mark,Brinerot_Mark,,0,0,Unset Ring,1,1,1
Brinerot Whalers,Brinerot_Whalers,,4,2,Trapper Boots,1,2,2
Briskwrap,Briskwrap,,6,2,Sun Leather,1,,
Brittle Barrier,Brittle_Barrier,,0,0,Cobalt Jewel,0,1,1
Broadstroke,Broadstroke,,0,0,Heavy Quiver,0,2,3
Broken Faith,Broken_Faith,,3,2,Archon Kite Shield,1,,
Bronn's Lithe,Bronns_Lithe,,6,2,Cutthroat's Garb,1,,
Brutal Restraint,Brutal_Restraint,,0,0,Timeless Jewel,1,1,1
Brute Force Solution,Brute_Force_Solution,,0,0,Cobalt Jewel,1,1,1
Brutus' Lead Sprinkler,Brutus_Lead_Sprinkler,,3,2,Ritual Sceptre,1,,
Bubonic Trail,Bubonic_Trail,,4,2,Murder Boots,1,2,2
Cadigan's Crown,Cadigans_Crown,,4,2,Runic Crown,1,2,2
"Caer Blaidd, Wolfpack's Den",Caer_Blaidd_Wolfpacks_Den,,0,0,Underground River Map,1,1,1
Calamitous Visions,Calamitous_Visions,,0,0,Small Cluster Jewel,1,1,1
Call of the Brotherhood,Call_of_the_Brotherhood,,0,0,Two-Stone Ring,1,1,1
Call of the Void,Call_of_the_Void,,0,0,Sapphire Ring,1,1,1
Callinellus Malleus,Callinellus_Malleus,,3,2,Auric Mace,1,,
Cameria's Avarice,Camerias_Avarice,,3,2,Gavel,1,,
Cameria's Maul,Camerias_Maul,,3,2,Gavel,1,,
Cane of Kulemak,Cane_of_Kulemak,,6,2,Serpentine Staff,1,,
Cane of Unravelling,Cane_of_Unravelling,,6,2,Ezomyte Staff,1,,
Carcass Jack,Carcass_Jack,,6,2,Varnished Coat,1,,
Careful Planning,Careful_Planning,,0,0,Viridian Jewel,1,1,1
Carnage Heart,Carnage_Heart,,0,0,Onyx Amulet,1,1,1
Ceaseless Feast,Ceaseless_Feast,,4,2,Spiked Gloves,1,2,2
Ceinture of Benevolence,Ceinture_of_Benevolence,,0,0,Cloth Belt,1,2,1
Cerberus Limb,Cerberus_Limb,,3,2,Blood Sceptre,1,,
Chaber Cairn,Chaber_Cairn,,6,2,Great Mallet,0,,
Chain of Endurance,Chain_of_Endurance,,0,0,Chain Belt,1,2,1
Chains of Command,Chains_of_Command,,6,2,Saintly Chainmail,1,,
Chains of Emancipation,Chains_of_Emancipation,,0,0,Chain Belt,1,2,1
Chalice of Horrors,Chalice_of_Horrors,,3,2,War Buckler,1,,
Cheap Construction,Cheap_Construction,,0,0,Viridian Jewel,0,1,1
Chernobog's Pillar,Chernobogs_Pillar,,3,2,Ebony Tower Shield,1,,
Cherrubim's Maleficence,Cherrubims_Maleficence,,6,2,Triumphant Lamellar,1,,
Chill of Corruption,Chill_of_Corruption,,0,0,Viridian Jewel,1,1,1
Chin Sol,Chin_Sol,,6,2,Assassin Bow,1,,
Chitus' Apex,Chitus_Apex,,4,2,Necromancer Circlet,1,2,2
Chitus' Needle,Chitus_Needle,,3,1,Elegant Foil,0,,
Chober Chaber,Chober_Chaber,,6,2,Great Mallet,1,,
Choir of the Storm,Choir_of_the_Storm,,0,0,Lapis Amulet,1,1,1
Cinderswallow Urn,Cinderswallow_Urn,,0,0,Silver Flask,1,1,2
Circle of Anguish,Circle_of_Anguish,,0,0,Ruby Ring,0,1,1
Circle of Fear,Circle_of_Fear,,0,0,Sapphire Ring,0,1,1
Circle of Guilt,Circle_of_Guilt,,0,0,Iron Ring,0,1,1
Circle of Nostalgia,Circle_of_Nostalgia,,0,0,Amethyst Ring,0,1,1
Circle of Regret,Circle_of_Regret,,0,0,Topaz Ring,0,1,1
Clayshaper,Clayshaper,,3,2,Rock Breaker,1,,
Clear Mind,Clear_Mind,,0,0,Cobalt Jewel,0,1,1
Cloak of Defiance,Cloak_of_Defiance,,6,2,Lacquered Garb,1,,
Cloak of Flame,Cloak_of_Flame,,6,2,Scholar's Robe,1,2,3
Cloak of Tawm'r Isley,Cloak_of_Tawmr_Isley,,6,2,Savant's Robe,1,2,3
Coated Shrapnel,Coated_Shrapnel,,0,0,Crimson Jewel,0,1,1
Cold Iron Point,Cold_Iron_Point,,3,1,Ezomyte Dagger,1,,
Cold Steel,Cold_Steel,,0,0,Viridian Jewel,0,1,1
Collateral Damage,Collateral_Damage,,0,0,Viridian Jewel,0,1,1
Combat Focus,Combat_Focus,,0,0,Crimson Jewel,1,1,1
Combustibles,Combustibles,,0,0,Crimson Jewel,0,1,1
Command of the Pit,Command_of_the_Pit,,4,2,Riveted Gloves,1,2,2
Conqueror's Efficiency,Conquerors_Efficiency,,0,0,Crimson Jewel,0,1,1
Conqueror's Longevity,Conquerors_Longevity,,0,0,Viridian Jewel,0,1,1
Conqueror's Potency,Conquerors_Potency,,0,0,Cobalt Jewel,0,1,1
Coralito's Signature,Coralitos_Signature,,0,0,Diamond Flask,1,1,2
Corona Solaris,Corona_Solaris,,3,1,Crystal Wand,0,1,3
Corpsewalker,Corpsewalker,,4,2,Carnal Boots,1,2,2
Corrupted Energy,Corrupted_Energy,,0,0,Cobalt Jewel,0,1,1
Cortex,Cortex,,0,0,Synthesised Map,1,1,1
Coruscating Elixir,Coruscating_Elixir,,0,0,Ruby Flask,1,1,2
Cospri's Malice,Cospris_Malice,,3,1,Jewelled Foil,1,1,1
Cospri's Will,Cospris_Will,,6,2,Assassin's Garb,1,,
Coward's Chains,Cowards_Chains,,0,0,Chain Belt,1,2,1
Coward's Legacy,Cowards_Legacy,,0,0,Chain Belt,1,2,1
Cowl of the Ceraunophile,Cowl_of_the_Ceraunophile,,4,2,Solaris Circlet,1,2,2
Cowl of the Cryophile,Cowl_of_the_Cryophile,,4,2,Silken Hood,1,2,2
Cowl of the Thermophile,Cowl_of_the_Thermophile,,4,2,Ezomyte Burgonet,1,2,2
Cragfall,Cragfall,,0,0,Serrated Arrow Quiver,0,2,3
Craghead,Craghead,,0,0,Serrated Arrow Quiver,1,2,3
Craiceann's Carapace,Craiceanns_Carapace,,6,2,Golden Plate,1,2,3
Craiceann's Chitin,Craiceanns_Chitin,,4,2,Magistrate Crown,1,2,2
Craiceann's Pincers,Craiceanns_Pincers,,4,2,Titan Gauntlets,1,2,2
Craiceann's Tracks,Craiceanns_Tracks,,4,2,Goliath Greaves,1,2,2
Crest of Desire,Crest_of_Desire,,4,2,Fluted Bascinet,1,2,2
Crest of Perandus,Crest_of_Perandus,,3,2,Pine Buckler,1,,
Crown of Eyes,Crown_of_Eyes,,4,2,Hubris Circlet,1,2,2
Crown of the Inward Eye,Crown_of_the_Inward_Eye,,4,2,Prophet Crown,1,2,2
Crown of the Pale King,Crown_of_the_Pale_King,,4,2,Regicide Mask,1,2,2
Crown of the Tyrant,Crown_of_the_Tyrant,,4,2,Magistrate Crown,1,2,2
Crown of Thorns,Crown_of_Thorns,,4,2,Vine Circlet,1,2,2
Crystallised Omniscience,Crystallised_Omniscience,,0,0,Onyx Amulet,1,1,1
Curtain Call,Curtain_Call,,4,2,Plague Mask,1,2,2
Cybil's Paw,Cybils_Paw,,4,2,Thresher Claw,1,,
Cyclopean Coil,Cyclopean_Coil,,0,0,Leather Belt,1,2,1
Dance of the Offered,Dance_of_the_Offered,,4,2,Carnal Boots,1,2,2
Daresso's Courage,Daressos_Courage,,3,2,Baroque Round Shield,1,,
Daresso's Defiance,Daressos_Defiance,,6,2,Full Dragonscale,1,,
Daresso's Passion,Daressos_Passion,,3,1,Estoc,1,,
Daresso's Salute,Daressos_Salute,,0,0,Citrine Amulet,1,1,1
Darkness Enthroned,Darkness_Enthroned,,0,0,Stygian Vise,1,,
Darkray Vectors,Darkray_Vectors,,4,2,Dragonscale Boots,1,2,2
Darkscorn,Darkscorn,,6,2,Assassin Bow,1,,
Dawnbreaker,Dawnbreaker,,3,2,Colossal Tower Shield,1,,
Dawnstrider,Dawnstrider,,4,2,Vaal Greaves,1,2,2
Dead Reckoning,Dead_Reckoning,,0,0,Cobalt Jewel,1,1,1
Death and Taxes,Death_and_Taxes,,0,0,Necropolis Map,1,1,1
Death Rush,Death_Rush,,0,0,Amethyst Ring,1,1,1
Death's Door,Deaths_Door,,4,2,Crusader Boots,1,2,2
Death's Hand,Deaths_Hand,,3,2,Karui Sceptre,1,,
Death's Harp,Deaths_Harp,,6,2,Death Bow,1,,
Death's Oath,Deaths_Oath,,6,2,Astral Plate,1,2,3
Death's Opus,Deaths_Opus,,6,2,Death Bow,0,,
Debeon's Dirge,Debeons_Dirge,,6,2,Despot Axe,1,,
Deerstalker,Deerstalker,,4,2,Deerskin Boots,1,2,2
Defiance of Destiny,Defiance_of_Destiny,,0,0,Paua Amulet,1,1,1
Deidbell,Deidbell,,4,2,Gilded Sallet,1,,
Deidbellow,Deidbellow,,4,2,Gilded Sallet,0,,
Demigod's Authority,Demigods_Authority,,3,1,Golden Blade,1,,
Demigod's Beacon,Demigods_Beacon,,3,2,Golden Flame,1,,
Demigod's Dominance,Demigods_Dominance,,6,2,Golden Mantle,1,,
Demigod's Eye,Demigods_Eye,,0,0,Golden Hoop,1,,
Demigod's Immortality,Demigods_Immortality,,4,2,Golden Visage,1,,
Demigod's Presence,Demigods_Presence,,0,0,Gold Amulet,1,1,1
Demigod's Stride,Demigods_Stride,,4,2,Golden Caligae,1,,
Demigod's Touch,Demigods_Touch,,4,2,Golden Bracers,1,,
Demigod's Triumph,Demigods_Triumph,,4,2,Golden Wreath,1,,
Demon Stitcher,Demon_Stitcher,,4,2,Satin Gloves,1,2,2
Dendrobate,Dendrobate,,6,2,Sentinel Jacket,1,,
Devoto's Devotion,Devotos_Devotion,,4,2,Nightmare Bascinet,1,2,2
Dialla's Malefaction,Diallas_Malefaction,,6,2,Sage's Robe,1,2,3
Disintegrator,Disintegrator,,6,2,Maelström Staff,1,,
Dissolution of the Flesh,Dissolution_of_the_Flesh,,0,0,Crimson Jewel,1,1,1
Divinarius,Divinarius,,3,1,Imperial Skean,1,,
Divination Distillate,Divination_Distillate,,0,0,Large Hybrid Flask,1,1,2
Divine Inferno,Divine_Inferno,,0,0,Crimson Jewel,0,1,1
Doedre's Damning,Doedres_Damning,,0,0,Paua Ring,1,1,1
Doedre's Elixir,Doedres_Elixir,,0,0,Greater Mana Flask,1,1,2
Doedre's Scorn,Doedres_Scorn,,4,2,Lunaris Circlet,1,2,2
Doedre's Skin,Doedres_Skin,,6,2,Widowsilk Robe,1,2,3
Doedre's Tenure,Doedres_Tenure,,4,2,Velvet Gloves,1,2,2
Doedre's Tongue,Doedres_Tongue,,0,0,Lapis Amulet,1,1,1
Doomfletch,Doomfletch,,6,2,Royal Bow,1,,
Doomfletch's Prism,Doomfletchs_Prism,,6,2,Royal Bow,0,,
Doomsower,Doomsower,,6,2,Lion Sword,1,,
Doon Cuebiyari,Doon_Cuebiyari,,3,2,Vaal Sceptre,1,,
Doppelgänger Guise,Doppelgänger_Guise,,6,2,Sadist Garb,1,,
Doryani's Catalyst,Doryanis_Catalyst,,3,2,Vaal Sceptre,1,,
Doryani's Delusion,Doryanis_Delusion,,4,2,Sorcerer Boots,1,2,2
Doryani's Fist,Doryanis_Fist,,4,2,Vaal Gauntlets,1,2,2
Doryani's Invitation,Doryanis_Invitation,,0,0,Heavy Belt,1,2,1
Doryani's Machinarium,Doryanis_Machinarium,,0,0,Maze Map,1,1,1
Doryani's Prototype,Doryanis_Prototype,,6,2,Saint's Hauberk,1,,
Dreadarc,Dreadarc,,3,2,Cleaver,1,,
Dreadbeak,Dreadbeak,,3,1,Rusted Sword,0,1,3
Dreadsurge,Dreadsurge,,3,2,Cleaver,0,,
Dream Fragments,Dream_Fragments,,0,0,Sapphire Ring,1,1,1
Dreamfeather,Dreamfeather,,3,1,Eternal Sword,1,,
Drillneck,Drillneck,,0,0,Penetrating Arrow Quiver,1,2,3
Duskdawn,Duskdawn,,6,2,Maelström Staff,1,,
Dusktoe,Dusktoe,,4,2,Ironscale Boots,1,2,2
Dyadian Dawn,Dyadian_Dawn,,0,0,Heavy Belt,1,2,1
Dyadus,Dyadus,,3,2,Infernal Axe,1,,
Dying Breath,Dying_Breath,,6,2,Iron Staff,1,,
Dying Sun,Dying_Sun,,0,0,Ruby Flask,1,1,2
Earendel's Embrace,Earendels_Embrace,,3,2,Grinning Fetish,1,,
Eber's Unification,Ebers_Unification,,4,2,Hubris Circlet,1,2,2
Echoes of Creation,Echoes_of_Creation,,4,2,Royal Burgonet,1,2,2
Echoforge,Echoforge,,6,2,Infernal Sword,1,,
Eclipse Solaris,Eclipse_Solaris,,3,1,Engraved Wand,1,1,3
Edge of Madness,Edge_of_Madness,,6,2,Etched Greatsword,1,,
Efficient Training,Efficient_Training,,0,0,Crimson Jewel,1,1,1
El'Abin's Visage,ElAbins_Visage,,4,2,Fencer Helm,0,,
Eldritch Knowledge,Eldritch_Knowledge,,0,0,Cobalt Jewel,0,1,1
Elegant Hubris,Elegant_Hubris,,0,0,Timeless Jewel,1,1,1
Elevore,Elevore,,4,2,Wolf Pelt,1,2,2
Elixir of the Unbroken Circle,Elixir_of_the_Unbroken_Circle,,0,0,Iron Flask,1,1,2
Emberwake,Emberwake,,0,0,Ruby Ring,1,1,1
Emperor's Cunning,Emperors_Cunning,,0,0,Viridian Jewel,1,1,1
Emperor's Mastery,Emperors_Mastery,,0,0,Prismatic Jewel,1,1,1
Emperor's Might,Emperors_Might,,0,0,Crimson Jewel,1,1,1
Emperor's Vigilance,Emperors_Vigilance,,3,2,Steel Kite Shield,1,,
Emperor's Wit,Emperors_Wit,,0,0,Cobalt Jewel,1,1,1
Empire's Grasp,Empires_Grasp,,4,2,Goliath Gauntlets,1,2,2
Endless Misery,Endless_Misery,,0,0,Cobalt Jewel,1,1,1
Energised Armour,Energised_Armour,,0,0,Crimson Jewel,1,1,1
Energy From Within,Energy_From_Within,,0,0,Cobalt Jewel,1,1,1
Entropic Devastation,Entropic_Devastation,,4,2,Assassin's Mitts,1,2,2
Ephemeral Edge,Ephemeral_Edge,,3,1,Dusk Blade,1,,
Esh's Mirror,Eshs_Mirror,,3,2,Vaal Spirit Shield,1,,
Esh's Visage,Eshs_Visage,,3,2,Vaal Spirit Shield,1,,
Essence Worm,Essence_Worm,,0,0,Unset Ring,1,1,1
Essentia Sanguis,Essentia_Sanguis,,4,2,Vaal Claw,1,,
Eternal Damnation,Eternal_Damnation,,0,0,Agate Amulet,1,1,1
Ewar's Mirage,Ewars_Mirage,,3,1,Antique Rapier,1,,
Expedition's End,Expeditions_End,,6,2,Sentinel Jacket,1,,
Extractor Mentis,Extractor_Mentis,,0,0,Agate Amulet,1,1,1
Eye of Chayula,Eye_of_Chayula,,0,0,Onyx Amulet,1,1,1
Eye of Innocence,Eye_of_Innocence,,0,0,Citrine Amulet,1,1,1
Eye of Malice,Eye_of_Malice,,4,2,Callous Mask,1,2,2
Eyes of the Greatwolf,Eyes_of_the_Greatwolf,,0,0,Greatwolf Talisman,1,,
Ezomyte Hold,Ezomyte_Hold,,4,2,Iron Hat,0,2,2
Ezomyte Peak,Ezomyte_Peak,,4,2,Iron Hat,1,2,2
Facebreaker,Facebreaker,,4,2,Strapped Mitts,1,2,2
Fairgraves' Tricorne,Fairgraves_Tricorne,,4,2,Tricorne,1,,
Faithguard,Faithguard,,4,2,Runic Helm,1,,
Faminebind,Faminebind,,0,0,Rustic Sash,1,,
Farrul's Bite,Farruls_Bite,,4,2,Harlequin Mask,1,2,2
Farrul's Chase,Farruls_Chase,,4,2,Slink Boots,1,2,2
Farrul's Fur,Farruls_Fur,,6,2,Triumphant Lamellar,1,,
Farrul's Pounce,Farruls_Pounce,,4,2,Hydrascale Gauntlets,1,2,2
Fate of the Vaal,Fate_of_the_Vaal,,3,1,Gemstone Sword,1,,
Fated End,Fated_End,,0,0,Paua Ring,1,1,1
Feastbind,Feastbind,,0,0,Rustic Sash,1,,
Femurs of the Saints,Femurs_of_the_Saints,,6,2,Primordial Staff,1,,
Fencoil,Fencoil,,3,1,Gnarled Branch,1,,
Fenumus' Shroud,Fenumus_Shroud,,6,2,Widowsilk Robe,1,2,3
Fenumus' Spinnerets,Fenumus_Spinnerets,,4,2,Assassin's Boots,1,2,2
Fenumus' Toxins,Fenumus_Toxins,,4,2,Necromancer Circlet,1,2,2
Fenumus' Weave,Fenumus_Weave,,4,2,Carnal Mitts,1,2,2
Fertile Mind,Fertile_Mind,,0,0,Cobalt Jewel,1,1,1
Fevered Mind,Fevered_Mind,,0,0,Cobalt Jewel,1,1,1
Fidelitas' Spike,Fidelitas_Spike,,3,1,Jagged Foil,1,,
Fight for Survival,Fight_for_Survival,,0,0,Viridian Jewel,0,1,1
Fireborn,Fireborn,,0,0,Crimson Jewel,0,1,1
Firesong,Firesong,,0,0,Crimson Jewel,1,1,1
First Snow,First_Snow,,0,0,Cobalt Jewel,0,1,1
Flamesight,Flamesight,,4,2,Solaris Circlet,1,2,2
Flesh-Eater,Flesh-Eater,,3,2,Dream Mace,1,,
Flesh and Spirit,Flesh_and_Spirit,,4,2,Ironscale Gauntlets,1,2,2
Fleshcrafter,Fleshcrafter,,6,2,Necromancer Silks,1,,
Fluid Motion,Fluid_Motion,,0,0,Viridian Jewel,1,1,1
Font of Thunder,Font_of_Thunder,,3,2,Mirrored Spiked Shield,1,,
Forbidden Flame,Forbidden_Flame,,0,0,Crimson Jewel,1,1,1
Forbidden Flesh,Forbidden_Flesh,,0,0,Cobalt Jewel,1,1,1
Forbidden Shako,Forbidden_Shako,,4,2,Great Crown,1,2,2
Forbidden Taste,Forbidden_Taste,,0,0,Quartz Flask,1,1,2
Fortified Legion,Fortified_Legion,,0,0,Cobalt Jewel,0,1,1
Fortress Covenant,Fortress_Covenant,,0,0,Cobalt Jewel,1,1,1
Foxshade,Foxshade,,6,2,Wild Leather,1,,
Fractal Thoughts,Fractal_Thoughts,,4,2,Vaal Mask,1,2,2
Fragile Bloom,Fragile_Bloom,,0,0,Crimson Jewel,0,1,1
Fragility,Fragility,,0,0,Crimson Jewel,1,1,1
From Dust,From_Dust,,0,0,Cobalt Jewel,0,1,1
Frostbreath,Frostbreath,,3,2,Ornate Mace,1,,
Frostferno,Frostferno,,4,2,Leather Hood,0,2,2
Frozen Trail,Frozen_Trail,,0,0,Cobalt Jewel,0,1,1
Fury Valve,Fury_Valve,,0,0,Turquoise Amulet,1,1,1
Galesight,Galesight,,4,2,Solaris Circlet,1,2,2
Gang's Momentum,Gangs_Momentum,,4,2,Legion Boots,1,2,2
Garb of the Ephemeral,Garb_of_the_Ephemeral,,6,2,Savant's Robe,0,2,3
Garukhan's Flight,Garukhans_Flight,,4,2,Stealth Boots,1,2,2
Geofri's Baptism,Geofris_Baptism,,6,2,Brass Maul,1,,
Geofri's Crest,Geofris_Crest,,4,2,Great Crown,1,2,2
Geofri's Devotion,Geofris_Devotion,,6,2,Brass Maul,0,,
Geofri's Legacy,Geofris_Legacy,,4,2,Great Crown,0,2,2
Geofri's Sanctuary,Geofris_Sanctuary,,6,2,Elegant Ringmail,1,1,1
Ghostwrithe,Ghostwrithe,,6,2,Silken Vest,1,,
Giantsbane,Giantsbane,,4,2,Bronze Gauntlets,1,2,2
Gifts from Above,Gifts_from_Above,,0,0,Diamond Ring,1,1,1
Glimpse of Chaos,Glimpse_of_Chaos,,4,2,Vaal Mask,1,2,2
Glitterdisc,Glitterdisc,,3,2,Burnished Spiked Shield,0,,
Gloomfang,Gloomfang,,0,0,Blue Pearl Amulet,1,1,1
Glorious Vanity,Glorious_Vanity,,0,0,Timeless Jewel,1,1,1
Gluttony,Gluttony,,0,0,Leather Belt,1,2,1
Goblinedge,Goblinedge,,3,1,Ambusher,1,,
Goldrim,Goldrim,,4,2,Leather Cap,1,,
Goldwyrm,Goldwyrm,,4,2,Nubuck Boots,1,2,2
Gorebreaker,Gorebreaker,,3,2,Spiked Club,1,,
Goredrill,Goredrill,,3,1,Skinning Knife,1,,
Gorgon's Gaze,Gorgons_Gaze,,4,2,Regicide Mask,1,2,2
Grand Spectrum,Grand_Spectrum,,0,0,Cobalt Jewel,1,1,1
Gravebind,Gravebind,,4,2,Hydrascale Gauntlets,1,2,2
Graven's Secret,Gravens_Secret,,0,0,Cloth Belt,1,2,1
Great Old One's Tentacles,Great_Old_Ones_Tentacles,,4,2,Eelskin Gloves,1,2,2
Great Old One's Ward,Great_Old_Ones_Ward,,3,2,Corrugated Buckler,1,,
Greed's Embrace,Greeds_Embrace,,6,2,Golden Plate,1,2,3
Grelwood Shank,Grelwood_Shank,,3,1,Eternal Sword,1,,
Grip of the Council,Grip_of_the_Council,,4,2,Arcanist Gloves,1,2,2
Growing Agony,Growing_Agony,,0,0,Viridian Jewel,0,1,1
Gruthkul's Pelt,Gruthkuls_Pelt,,6,2,Wyrmscale Doublet,1,,
Haemophilia,Haemophilia,,4,2,Serpentscale Gauntlets,1,2,2
Hair Trigger,Hair_Trigger,,0,0,Viridian Jewel,0,1,1
Hale Negator,Hale_Negator,,4,2,Mind Cage,1,,
Hall of Grandmasters,Hall_of_Grandmasters,,0,0,Promenade Map,1,1,1
Hallowed Ground,Hallowed_Ground,,0,0,Cemetery Map,1,1,1
Hand of the Fervent,Hand_of_the_Fervent,,4,2,Zealot Gloves,1,2,2
Hand of Thought and Motion,Hand_of_Thought_and_Motion,,4,2,Imperial Claw,1,,
Hand of Wisdom and Action,Hand_of_Wisdom_and_Action,,4,2,Imperial Claw,1,,
Hands of the High Templar,Hands_of_the_High_Templar,,4,2,Crusader Gloves,1,2,2
Hateforge,Hateforge,,4,2,Ancient Gauntlets,1,2,2
Hazardous Research,Hazardous_Research,,0,0,Cobalt Jewel,0,1,1
Headhunter,Headhunter,,0,0,Leather Belt,1,2,1
Healthy Mind,Healthy_Mind,,0,0,Cobalt Jewel,1,1,1
Heartbound Loop,Heartbound_Loop,,0,0,Moonstone Ring,1,1,1
Heartbreaker,Heartbreaker,,3,1,Royal Skean,1,,
Heatshiver,Heatshiver,,4,2,Leather Hood,1,2,2
Hegemony's Era,Hegemonys_Era,,6,2,Judgement Staff,1,,
Heretic's Veil,Heretics_Veil,,4,2,Deicide Mask,1,2,2
Hezmana's Bloodlust,Hezmanas_Bloodlust,,6,2,Vaal Axe,1,,
Hidden Potential,Hidden_Potential,,0,0,Viridian Jewel,1,1,1
Hiltless,Hiltless,,6,2,Reaver Sword,1,,
Hinekora's Sight,Hinekoras_Sight,,0,0,Onyx Amulet,1,1,1
Honoured Alliance,Honoured_Alliance,,0,0,Coral Ring,1,1,1
Honourhome,Honourhome,,4,2,Soldier Helmet,1,2,2
Hopeshredder,Hopeshredder,,6,2,Ranger Bow,1,,
Hotheaded,Hotheaded,,0,0,Viridian Jewel,0,1,1
Hrimnor's Dirge,Hrimnors_Dirge,,6,2,Sledgehammer,0,,
Hrimnor's Hymn,Hrimnors_Hymn,,6,2,Sledgehammer,1,,
Hrimnor's Resolve,Hrimnors_Resolve,,4,2,Samnite Helmet,1,2,2
Hrimsorrow,Hrimsorrow,,4,2,Goathide Gloves,1,2,2
Hungry Abyss,Hungry_Abyss,,0,0,Viridian Jewel,0,1,1
Hyaon's Fury,Hyaons_Fury,,3,2,Legion Sword,1,,
Hyperboreus,Hyperboreus,,0,0,Leather Belt,1,2,1
Hyrri's Bite,Hyrris_Bite,,0,0,Sharktooth Arrow Quiver,1,2,3
Hyrri's Demise,Hyrris_Demise,,0,0,Sharktooth Arrow Quiver,0,2,3
Hyrri's Ire,Hyrris_Ire,,6,2,Zodiac Leather,1,,
Hyrri's Truth,Hyrris_Truth,,0,0,Jade Amulet,1,1,1
Icefang Orbit,Icefang_Orbit,,0,0,Iron Ring,1,1,1
Icetomb,Icetomb,,6,2,Latticed Ringmail,1,1,1
Ichimonji,Ichimonji,,3,1,Corsair Sword,1,,
Ikiaho's Promise,Ikiahos_Promise,,0,0,Coral Amulet,1,1,1
Immortal Flesh,Immortal_Flesh,,0,0,Leather Belt,1,2,1
Immutable Force,Immutable_Force,,0,0,Crimson Jewel,1,1,1
Impossible Escape,Impossible_Escape,,0,0,Viridian Jewel,1,1,1
Impresence,Impresence,,0,0,Onyx Amulet,1,1,1
Incandescent Heart,Incandescent_Heart,,6,2,Saintly Chainmail,1,,
Indigon,Indigon,,4,2,Hubris Circlet,1,2,2
Inertia,Inertia,,0,0,Crimson Jewel,1,1,1
Inevitability,Inevitability,,0,0,Cobalt Jewel,0,1,1
Inextricable Fate,Inextricable_Fate,,4,2,Fugitive Boots,1,2,2
Infernal Mantle,Infernal_Mantle,,6,2,Widowsilk Robe,1,2,3
Infractem,Infractem,,6,2,Decimation Bow,1,,
Infused Beachhead,Infused_Beachhead,,0,0,Harbinger Map,1,1,1
Innsbury Edge,Innsbury_Edge,,3,1,Elder Sword,1,,
Inpulsa's Broken Heart,Inpulsas_Broken_Heart,,6,2,Sadist Garb,1,,
Inspired Learning,Inspired_Learning,,0,0,Crimson Jewel,1,1,1
Intuitive Leap,Intuitive_Leap,,0,0,Viridian Jewel,1,1,1
Invictus Solaris,Invictus_Solaris,,3,2,Archon Kite Shield,1,,
Inya's Epiphany,Inyas_Epiphany,,4,2,Arcanist Slippers,1,2,2
Iron Commander,Iron_Commander,,6,2,Death Bow,1,,
Izaro's Dilemma,Izaros_Dilemma,,4,2,Imperial Claw,0,,
Izaro's Turmoil,Izaros_Turmoil,,0,0,Crimson Jewel,0,1,1
"Jack, the Axe",Jack_the_Axe,,3,2,Vaal Hatchet,1,2,2
Jaws of Agony,Jaws_of_Agony,,3,2,Supreme Spiked Shield,1,,
Jorrhast's Blacksteel,Jorrhasts_Blacksteel,,6,2,Steelhead,1,,
Kahuturoa's Certainty,Kahuturoas_Certainty,,4,2,Ancient Greaves,1,2,2
Kalandra's Touch,Kalandras_Touch,,0,0,Ring,1,,
Kalisa's Grace,Kalisas_Grace,,4,2,Samite Gloves,1,2,2
Kaltenhalt,Kaltenhalt,,3,2,Painted Buckler,1,,
Kaltensoul,Kaltensoul,,3,2,Painted Buckler,0,,
Kaom's Binding,Kaoms_Binding,,0,0,Heavy Belt,1,2,1
Kaom's Heart,Kaoms_Heart,,6,2,Glorious Plate,1,2,3
Kaom's Primacy,Kaoms_Primacy,,6,2,Karui Chopper,1,,
Kaom's Roots,Kaoms_Roots,,4,2,Titan Greaves,1,2,2
Kaom's Sign,Kaoms_Sign,,0,0,Coral Ring,1,1,1
Kaom's Spirit,Kaoms_Spirit,,4,2,Titan Gauntlets,1,2,2
Kaom's Way,Kaoms_Way,,0,0,Coral Ring,0,1,1
Karui Charge,Karui_Charge,,0,0,Jade Amulet,0,1,1
Karui Ward,Karui_Ward,,0,0,Jade Amulet,1,1,1
Kiara's Determination,Kiaras_Determination,,0,0,Silver Flask,1,1,2
Kikazaru,Kikazaru,,0,0,Topaz Ring,1,1,1
Kiloava's Bluster,Kiloavas_Bluster,,3,2,Ironwood Buckler,1,,
Kingmaker,Kingmaker,,6,2,Despot Axe,1,,
Kingsguard,Kingsguard,,6,2,Conquest Chainmail,1,,
Kintsugi,Kintsugi,,6,2,Exquisite Leather,1,,
Kitava's Feast,Kitavas_Feast,,6,2,Void Axe,1,,
Kitava's Teachings,Kitavas_Teachings,,0,0,Small Cluster Jewel,1,1,1
Kitava's Thirst,Kitavas_Thirst,,4,2,Zealot Helmet,1,2,2
Kondo's Pride,Kondos_Pride,,6,2,Ezomyte Blade,1,,
Kongming's Stratagem,Kongmings_Stratagem,,3,2,Ancient Spirit Shield,1,,
Kongor's Undying Rage,Kongors_Undying_Rage,,6,2,Terror Maul,1,,
Kurgal's Gaze,Kurgals_Gaze,,0,0,Hypnotic Eye Jewel,1,1,1
Lakishu's Blade,Lakishus_Blade,,3,1,Elegant Sword,1,,
Last Resort,Last_Resort,,4,2,Nailed Fist,1,,
Lavianga's Spirit,Laviangas_Spirit,,0,0,Sanctified Mana Flask,1,1,2
Lavianga's Wisdom,Laviangas_Wisdom,,3,2,War Hammer,1,,
Law of the Wilds,Law_of_the_Wilds,,4,2,Hellion's Paw,1,,
Le Heup of All,Le_Heup_of_All,,0,0,Iron Ring,1,1,1
Leadership's Price,Leaderships_Price,,0,0,Onyx Amulet,1,1,1
Leash of Oblation,Leash_of_Oblation,,0,0,Leather Belt,1,2,1
Leer Cast,Leer_Cast,,4,2,Festival Mask,1,2,2
Legacy of Fury,Legacy_of_Fury,,4,2,Wyrmscale Boots,1,2,2
Leper's Alms,Lepers_Alms,,3,2,Mirrored Spiked Shield,1,,
Lethal Pride,Lethal_Pride,,0,0,Timeless Jewel,1,1,1
Lifesprig,Lifesprig,,3,1,Driftwood Wand,1,1,3
Light of Lunaris,Light_of_Lunaris,,3,2,Jingling Spirit Shield,1,,
Lightbane Raiment,Lightbane_Raiment,,6,2,Ornate Ringmail,1,1,1
Lightning Coil,Lightning_Coil,,6,2,Desert Brigandine,1,,
Lightpoacher,Lightpoacher,,4,2,Great Crown,1,2,2
Limbsplit,Limbsplit,,6,2,Woodsplitter,1,,
Lioneye's Fall,Lioneyes_Fall,,0,0,Viridian Jewel,1,1,1
Lioneye's Glare,Lioneyes_Glare,,6,2,Imperial Bow,1,,
Lioneye's Paws,Lioneyes_Paws,,4,2,Bronzescale Boots,1,2,2
Lioneye's Remorse,Lioneyes_Remorse,,3,2,Pinnacle Tower Shield,1,,
Lioneye's Vision,Lioneyes_Vision,,6,2,Crusader Plate,1,2,3
Lion's Roar,Lions_Roar,,0,0,Granite Flask,1,1,2
Lochtonial Caress,Lochtonial_Caress,,4,2,Iron Gauntlets,1,2,2
Lord of Steel,Lord_of_Steel,,0,0,Viridian Jewel,0,1,1
Loreweave,Loreweave,,6,2,Elegant Ringmail,1,1,1
Lori's Lantern,Loris_Lantern,,0,0,Prismatic Ring,1,1,1
Lycosidae,Lycosidae,,3,2,Rawhide Tower Shield,1,,
Maata's Teaching,Maatas_Teaching,,3,2,Karui Sceptre,1,,
Machina Mitts,Machina_Mitts,,4,2,Murder Mitts,1,2,2
Maelström of Chaos,Maelström_of_Chaos,,0,0,Atoll Map,1,1,1
Mageblood,Mageblood,,0,0,Heavy Belt,1,2,1
Magna Eclipsis,Magna_Eclipsis,,3,2,Pinnacle Tower Shield,1,,
Mahuxotl's Machination,Mahuxotls_Machination,,3,2,Steel Kite Shield,1,,
Malachai's Artifice,Malachais_Artifice,,0,0,Unset Ring,1,1,1
Malachai's Awakening,Malachais_Awakening,,4,2,Iron Mask,0,2,2
Malachai's Loop,Malachais_Loop,,3,2,Harmonic Spirit Shield,1,,
Malachai's Mark,Malachais_Mark,,4,2,Murder Mitts,1,2,2
Malachai's Simula,Malachais_Simula,,4,2,Iron Mask,1,2,2
Malachai's Vision,Malachais_Vision,,4,2,Praetor Crown,1,2,2
Malicious Intent,Malicious_Intent,,0,0,Cobalt Jewel,0,1,1
Maligaro's Cruelty,Maligaros_Cruelty,,0,0,Turquoise Amulet,1,1,1
Maligaro's Lens,Maligaros_Lens,,3,2,Compound Spiked Shield,1,,
Maligaro's Restraint,Maligaros_Restraint,,0,0,Chain Belt,1,2,1
Maligaro's Virtuosity,Maligaros_Virtuosity,,4,2,Deerskin Gloves,1,2,2
Maloney's Mechanism,Maloneys_Mechanism,,0,0,Ornate Quiver,1,2,3
Maloney's Nightfall,Maloneys_Nightfall,,0,0,Vile Arrow Quiver,1,2,3
Manastorm,Manastorm,,3,2,Lacewood Spirit Shield,1,,
Mantra of Flames,Mantra_of_Flames,,0,0,Crimson Jewel,0,1,1
Mao Kun,Mao_Kun,,0,0,Shore Map,1,1,1
March of the Legion,March_of_the_Legion,,4,2,Legion Boots,1,2,2
Mark of Submission,Mark_of_Submission,,1,1,Unset Ring,1,1,1
Mark of the Doubting Knight,Mark_of_the_Doubting_Knight,,3,1,Platinum Kris,1,,
Mark of the Elder,Mark_of_the_Elder,,0,0,Steel Ring,1,1,1
Mark of the Red Covenant,Mark_of_the_Red_Covenant,,4,2,Tribal Circlet,1,2,2
Mark of the Shaper,Mark_of_the_Shaper,,0,0,Opal Ring,1,1,1
Marohi Erqi,Marohi_Erqi,,6,2,Karui Maul,1,,
Martial Artistry,Martial_Artistry,,0,0,Crimson Jewel,0,1,1
Martyr of Innocence,Martyr_of_Innocence,,6,2,Highborn Staff,1,,
Martyr's Crown,Martyrs_Crown,,4,2,Vine Circlet,0,2,2
Marylene's Fallacy,Marylenes_Fallacy,,0,0,Lapis Amulet,1,1,1
Mask of the Spirit Drinker,Mask_of_the_Spirit_Drinker,,4,2,Magistrate Crown,1,2,2
Mask of the Stitched Demon,Mask_of_the_Stitched_Demon,,4,2,Magistrate Crown,1,2,2
Mask of the Tribunal,Mask_of_the_Tribunal,,4,2,Magistrate Crown,0,2,2
Matua Tupuna,Matua_Tupuna,,3,2,Tarnished Spirit Shield,1,,
Maw of Conquest,Maw_of_Conquest,,4,2,Steel Circlet,1,2,2
Maw of Mischief,Maw_of_Mischief,,4,2,Bone Helmet,1,2,2
Medved's Challenge,Medveds_Challenge,,4,2,Runic Gauntlets,1,2,2
Megalomaniac,Megalomaniac,,0,0,Medium Cluster Jewel,1,1,1
Meginord's Girdle,Meginords_Girdle,,0,0,Heavy Belt,1,2,1
Meginord's Vise,Meginords_Vise,,4,2,Steel Gauntlets,1,2,2
Melding of the Flesh,Melding_of_the_Flesh,,0,0,Cobalt Jewel,1,1,1
Memory Vault,Memory_Vault,,4,2,Praetor Crown,1,2,2
Mercenary's Lot,Mercenarys_Lot,,4,2,Slink Gloves,1,2,2
Midnight Bargain,Midnight_Bargain,,3,1,Engraved Wand,1,1,3
Might and Influence,Might_and_Influence,,0,0,Viridian Jewel,0,1,1
Might in All Forms,Might_in_All_Forms,,0,0,Crimson Jewel,0,1,1
Might of the Meek,Might_of_the_Meek,,0,0,Crimson Jewel,1,1,1
Mightflay,Mightflay,,3,1,Flaying Knife,1,,
Militant Faith,Militant_Faith,,0,0,Timeless Jewel,1,1,1
Mind of the Council,Mind_of_the_Council,,4,2,Harlequin Mask,1,2,2
Mindspiral,Mindspiral,,4,2,Aventail Helmet,1,2,2
Ming's Heart,Mings_Heart,,0,0,Amethyst Ring,1,1,1
Mistwall,Mistwall,,3,2,Lacquered Buckler,1,,
Mjölner,Mjölner,,3,2,Gavel,1,,
Mokou's Embrace,Mokous_Embrace,,0,0,Ruby Ring,1,1,1
Mon'tregul's Grasp,Montreguls_Grasp,,3,2,Void Sceptre,1,,
Moonbender's Wing,Moonbenders_Wing,,3,2,Tomahawk,1,,
Moonsorrow,Moonsorrow,,3,1,Imbued Wand,1,1,3
Mortem Morsu,Mortem_Morsu,,4,2,Fright Claw,1,,
Mother's Embrace,Mothers_Embrace,,0,0,Heavy Belt,1,2,1
Mutated Growth,Mutated_Growth,,0,0,Cobalt Jewel,0,1,1
Mutewind Pennant,Mutewind_Pennant,,3,2,Enameled Buckler,1,,
Mutewind Seal,Mutewind_Seal,,0,0,Unset Ring,1,1,1
Mutewind Whispersteps,Mutewind_Whispersteps,,4,2,Serpentscale Boots,1,2,2
Nadir Mode,Nadir_Mode,,0,0,Cobalt Jewel,1,1,1
Natural Affinity,Natural_Affinity,,0,0,Small Cluster Jewel,1,1,1
Natural Hierarchy,Natural_Hierarchy,,0,0,Rotfeather Talisman,1,,
Nebulis,Nebulis,,3,2,Void Sceptre,0,,
Nebuloch,Nebuloch,,3,2,Nightmare Mace,1,,
Ngamahu Tiki,Ngamahu_Tiki,,0,0,Coral Amulet,0,1,1
Ngamahu's Flame,Ngamahus_Flame,,6,2,Abyssal Axe,1,,
Ngamahu's Sign,Ngamahus_Sign,,0,0,Ruby Ring,1,1,1
Nightgrip,Nightgrip,,4,2,Runic Gages,1,,
Night's Hold,Nights_Hold,,0,0,Black Maw Talisman,1,,
Nimis,Nimis,,0,0,Topaz Ring,1,1,1
Nomic's Storm,Nomics_Storm,,4,2,Strapped Boots,1,2,2
Null and Void,Null_and_Void,,4,2,Legion Gloves,1,2,2
Null's Inclination,Nulls_Inclination,,6,2,Ranger Bow,1,,
Nuro's Harp,Nuros_Harp,,6,2,Harbinger Bow,1,,
Nycta's Lantern,Nyctas_Lantern,,3,2,Crystal Sceptre,1,,
Oba's Cursed Trove,Obas_Cursed_Trove,,0,0,Underground Sea Map,1,1,1
Obliteration,Obliteration,,3,1,Imbued Wand,1,1,3
Obscurantis,Obscurantis,,4,2,Lion Pelt,1,2,2
Offering to the Serpent,Offering_to_the_Serpent,,4,2,Legion Gloves,0,2,2
Olesya's Delight,Olesyas_Delight,,0,0,Cloth Belt,1,2,1
Olmec's Sanctum,Olmecs_Sanctum,,0,0,Bone Crypt Map,1,1,1
Olroth's Charge,Olroths_Charge,,4,2,Runic Sollerets,1,,
Olroth's Resolve,Olroths_Resolve,,0,0,Iron Flask,1,1,2
Omen on the Winds,Omen_on_the_Winds,,0,0,Viridian Jewel,0,1,1
Omeyocan,Omeyocan,,4,2,Carnal Boots,1,2,2
Ondar's Clasp,Ondars_Clasp,,4,2,Wrapped Mitts,1,2,2
One With Nothing,One_With_Nothing,,0,0,Small Cluster Jewel,1,1,1
Oni-Goroshi,Oni-Goroshi,,3,1,Charan's Sword,1,,
Orbala's Stand,Orbalas_Stand,,4,2,Eelskin Boots,1,2,2
Oriath's End,Oriaths_End,,0,0,Bismuth Flask,1,1,2
Original Sin,Original_Sin,,0,0,Amethyst Ring,1,1,1
Ornament of the East,Ornament_of_the_East,,4,2,Gut Ripper,1,,
Oro's Sacrifice,Oros_Sacrifice,,6,2,Infernal Sword,1,,
Oskarm,Oskarm,,4,2,Nubuck Gloves,1,2,2
Overwhelming Odds,Overwhelming_Odds,,0,0,Crimson Jewel,0,1,1
Pacifism,Pacifism,,0,0,Viridian Jewel,1,1,1
Painseeker,Painseeker,,4,2,Shagreen Gloves,1,2,2
Panquetzaliztli,Panquetzaliztli,,6,2,Jagged Maul,0,,
Paradoxica,Paradoxica,,3,1,Vaal Rapier,1,,
Perandus Blazon,Perandus_Blazon,,0,0,Cloth Belt,1,2,1
Perandus Signet,Perandus_Signet,,0,0,Paua Ring,1,1,1
Perepiteia,Perepiteia,,3,2,Ezomyte Spiked Shield,0,,
Perfidy,Perfidy,,6,2,Glorious Plate,1,2,3
Perquil's Toe,Perquils_Toe,,0,0,Gold Amulet,1,1,1
Perseverance,Perseverance,,0,0,Vanguard Belt,1,2,1
Pillar of the Caged God,Pillar_of_the_Caged_God,,6,2,Iron Staff,1,,
Pillars of Arun,Pillars_of_Arun,,0,0,Dunes Map,1,1,1
Piscator's Vigil,Piscators_Vigil,,3,1,Imbued Wand,1,1,3
Pitch Darkness,Pitch_Darkness,,0,0,Viridian Jewel,0,1,1
Pledge of Hands,Pledge_of_Hands,,6,2,Judgement Staff,1,,
Plume of Pursuit,Plume_of_Pursuit,,4,2,Bone Circlet,1,2,2
Poacher's Aim,Poachers_Aim,,0,0,Viridian Jewel,0,1,1
Polaric Devastation,Polaric_Devastation,,0,0,Opal Ring,1,1,1
Poorjoy's Asylum,Poorjoys_Asylum,,0,0,Temple Map,1,1,1
Powerlessness,Powerlessness,,0,0,Cobalt Jewel,1,1,1
Praxis,Praxis,,0,0,Paua Ring,1,1,1
Precursor's Emblem,Precursors_Emblem,,0,0,Topaz Ring,1,1,1
Presence of Chayula,Presence_of_Chayula,,0,0,Onyx Amulet,1,1,1
Primordial Eminence,Primordial_Eminence,,0,0,Viridian Jewel,1,1,1
Primordial Harmony,Primordial_Harmony,,0,0,Cobalt Jewel,1,1,1
Primordial Might,Primordial_Might,,0,0,Crimson Jewel,1,1,1
Prism Guardian,Prism_Guardian,,3,2,Archon Kite Shield,1,,
Prismatic Eclipse,Prismatic_Eclipse,,3,1,Twilight Blade,1,,
Prismweave,Prismweave,,0,0,Rustic Sash,1,,
Profane Proxy,Profane_Proxy,,0,0,Unset Ring,1,1,1
Progenesis,Progenesis,,0,0,Amethyst Flask,1,1,2
Pugilist,Pugilist,,0,0,Viridian Jewel,0,1,1
Pure Talent,Pure_Talent,,0,0,Viridian Jewel,1,1,1
Putembo's Meadow,Putembos_Meadow,,0,0,Topaz Ring,1,1,1
Putembo's Mountain,Putembos_Mountain,,0,0,Topaz Ring,1,1,1
Putembo's Valley,Putembos_Valley,,0,0,Topaz Ring,1,1,1
Pyre,Pyre,,0,0,Sapphire Ring,1,1,1
Pyroshock Clasp,Pyroshock_Clasp,,0,0,Leather Belt,1,2,1
Qotra's Regulator,Qotras_Regulator,,3,2,Sovereign Spiked Shield,1,,
Quecholli,Quecholli,,6,2,Jagged Maul,1,,
Queen of the Forest,Queen_of_the_Forest,,6,2,Destiny Leather,1,,
Queen's Decree,Queens_Decree,,6,2,Ornate Sword,1,,
Queen's Escape,Queens_Escape,,6,2,Ornate Sword,0,,
Quickening Covenant,Quickening_Covenant,,0,0,Viridian Jewel,1,1,1
Quill Rain,Quill_Rain,,6,2,Short Bow,1,,
Rain of Splinters,Rain_of_Splinters,,0,0,Crimson Jewel,1,1,1
Rainbowstride,Rainbowstride,,4,2,Conjurer Boots,1,2,2
Rakiata's Dance,Rakiatas_Dance,,6,2,Engraved Greatsword,1,,
Ralakesh's Impatience,Ralakeshs_Impatience,,4,2,Riveted Boots,1,2,2
Rapid Expansion,Rapid_Expansion,,0,0,Crimson Jewel,0,1,1
Rashkaldor's Patience,Rashkaldors_Patience,,0,0,Jade Amulet,1,1,1
Rathpith Globe,Rathpith_Globe,,3,2,Titanium Spirit Shield,1,,
Rational Doctrine,Rational_Doctrine,,0,0,Cobalt Jewel,1,1,1
Rat's Nest,Rats_Nest,,4,2,Ursine Pelt,1,2,2
Razor of the Seventh Sun,Razor_of_the_Seventh_Sun,,3,2,Midnight Blade,1,2,3
Reach of the Council,Reach_of_the_Council,,6,2,Spine Bow,1,,
Realm Ender,Realm_Ender,,6,2,Iron Staff,0,,
Realmshaper,Realmshaper,,6,2,Iron Staff,1,,
Reaper's Pursuit,Reapers_Pursuit,,6,2,Shadow Axe,1,,
Rearguard,Rearguard,,0,0,Blunt Arrow Quiver,1,2,3
Rebuke of the Vaal,Rebuke_of_the_Vaal,,3,1,Vaal Blade,1,,
Reckless Defence,Reckless_Defence,,0,0,Cobalt Jewel,1,1,1
Redbeak,Redbeak,,3,1,Rusted Sword,1,1,3
Redblade Band,Redblade_Band,,0,0,Unset Ring,1,1,1
Redblade Banner,Redblade_Banner,,3,2,Painted Tower Shield,1,,
Redblade Tramplers,Redblade_Tramplers,,4,2,Ancient Greaves,1,2,2
Reefbane,Reefbane,,3,1,Fishing Rod,1,,
Relentless Fury,Relentless_Fury,,3,2,Decorative Axe,1,,
Relic of the Cycle,Relic_of_the_Cycle,,6,2,Crude Bow,1,,
Relic of the Pact,Relic_of_the_Pact,,3,1,Sage Wand,1,1,3
Remnant of Empires,Remnant_of_Empires,,3,2,Goathide Buckler,1,,
Repentance,Repentance,,4,2,Crusader Gloves,1,2,2
Replica Dragonfang's Flight,Replica_Dragonfangs_Flight,,0,0,Onyx Amulet,1,1,1
Retaliation Charm,Retaliation_Charm,,0,0,Citrine Amulet,1,1,1
Reverberation Rod,Reverberation_Rod,,3,1,Spiraled Wand,1,1,3
Rewritten Distant Memory,Rewritten_Distant_Memory,,0,0,Synthesised Map,1,1,1
Rigwald's Charge,Rigwalds_Charge,,6,2,Highland Blade,1,,
Rigwald's Command,Rigwalds_Command,,3,2,Midnight Blade,1,2,3
Rigwald's Crest,Rigwalds_Crest,,0,0,Two-Stone Ring,1,1,1
Rigwald's Curse,Rigwalds_Curse,,0,0,Wereclaw Talisman,1,,
Rigwald's Quills,Rigwalds_Quills,,0,0,Two-Point Arrow Quiver,1,2,3
Rigwald's Savagery,Rigwalds_Savagery,,3,2,Royal Axe,1,,
Rime Gaze,Rime_Gaze,,4,2,Mind Cage,1,,
Ring of Blades,Ring_of_Blades,,0,0,Viridian Jewel,0,1,1
Rise of the Phoenix,Rise_of_the_Phoenix,,3,2,Mosaic Kite Shield,1,,
Rive,Rive,,4,2,Terror Claw,1,,
Rolling Flames,Rolling_Flames,,0,0,Cobalt Jewel,0,1,1
Romira's Banquet,Romiras_Banquet,,0,0,Diamond Ring,1,1,1
Rotblood Promise,Rotblood_Promise,,0,0,Unset Ring,1,1,1
Rotgut,Rotgut,,0,0,Quicksilver Flask,1,1,2
Roth's Reach,Roths_Reach,,6,2,Recurve Bow,1,,
Rumi's Concoction,Rumis_Concoction,,0,0,Granite Flask,1,1,2
Rust of Winter,Rust_of_Winter,,3,2,Rusted Hatchet,1,2,2
Ryslatha's Coil,Ryslathas_Coil,,0,0,Studded Belt,1,2,1
Sacrificial Harvest,Sacrificial_Harvest,,0,0,Viridian Jewel,0,1,1
Sacrificial Heart,Sacrificial_Heart,,0,0,Paua Amulet,1,1,1
Sadima's Touch,Sadimas_Touch,,4,2,Wool Gloves,1,2,2
Saemus' Gift,Saemus_Gift,,0,0,Feathered Arrow Quiver,1,2,3
Saffell's Frame,Saffells_Frame,,3,2,Branded Kite Shield,1,,
Sandstorm Visage,Sandstorm_Visage,,4,2,Necromancer Circlet,1,2,2
Saqawal's Flock,Saqawals_Flock,,4,2,Silken Hood,1,2,2
Saqawal's Nest,Saqawals_Nest,,6,2,Blood Raiment,1,,
Saqawal's Talons,Saqawals_Talons,,4,2,Hydrascale Boots,1,2,2
Saqawal's Winds,Saqawals_Winds,,4,2,Soldier Gloves,0,2,2
Scaeva,Scaeva,,3,1,Gladius,1,,
Scar of Fate,Scar_of_Fate,,4,2,Nailed Fist,1,,
Scold's Bridle,Scolds_Bridle,,4,2,Mind Cage,1,,
Scorpion's Call,Scorpions_Call,,0,0,Heavy Arrow Quiver,1,2,3
Seething Fury,Seething_Fury,,0,0,Viridian Jewel,1,1,1
Self-Flagellation,Self-Flagellation,,0,0,Viridian Jewel,1,1,1
Sentari's Answer,Sentaris_Answer,,3,2,Brass Spirit Shield,1,,
Seven-League Step,Seven-League_Step,,4,2,Rawhide Boots,1,2,2
Severed in Sleep,Severed_in_Sleep,,3,1,Cutlass,1,,
Shackles of the Wretched,Shackles_of_the_Wretched,,4,2,Chain Gloves,1,2,2
Shade of Solaris,Shade_of_Solaris,,3,1,Sage Wand,1,1,3
Shadows and Dust,Shadows_and_Dust,,4,2,Clasped Mitts,1,2,2
Shadowstitch,Shadowstitch,,6,2,Sacrificial Garb,1,,
Shaper's Seed,Shapers_Seed,,0,0,Agate Amulet,1,1,1
Shaper's Touch,Shapers_Touch,,4,2,Crusader Gloves,1,2,2
Shattered Chains,Shattered_Chains,,0,0,Crimson Jewel,0,1,1
Shattershard,Shattershard,,3,2,Crimson Round Shield,1,,
Shavronne's Pace,Shavronnes_Pace,,4,2,Scholar Boots,1,2,2
Shavronne's Revelation,Shavronnes_Revelation,,0,0,Moonstone Ring,1,1,1
Shavronne's Wrappings,Shavronnes_Wrappings,,6,2,Occultist's Vestment,1,,
Shimmeron,Shimmeron,,3,1,Tornado Wand,1,1,3
Shiversting,Shiversting,,6,2,Bastard Sword,1,,
Shroud of the Lightless,Shroud_of_the_Lightless,,6,2,Carnal Armour,1,,
Sibyl's Lament,Sibyls_Lament,,0,0,Coral Ring,1,1,1
Sidhebreath,Sidhebreath,,0,0,Paua Amulet,1,1,1
Siegebreaker,Siegebreaker,,0,0,Heavy Belt,1,2,1
Sign of the Sin Eater,Sign_of_the_Sin_Eater,,3,2,Tyrant's Sekhem,1,,
Silverbough,Silverbough,,6,2,Crude Bow,0,,
Silverbranch,Silverbranch,,6,2,Crude Bow,1,,
Sin Trek,Sin_Trek,,4,2,Stealth Boots,1,2,2
Singularity,Singularity,,3,2,Platinum Sceptre,1,,
Sin's Rebirth,Sins_Rebirth,,0,0,Stibnite Flask,1,1,2
Sinvicta's Mettle,Sinvictas_Mettle,,6,2,Ezomyte Axe,1,,
Sire of Shards,Sire_of_Shards,,6,2,Serpentine Staff,1,,
Skin of the Lords,Skin_of_the_Lords,,6,2,Simple Robe,1,2,3
Skin of the Loyal,Skin_of_the_Loyal,,6,2,Simple Robe,1,2,3
Skirmish,Skirmish,,0,0,Two-Point Arrow Quiver,1,2,3
Skullhead,Skullhead,,4,2,Secutor Helm,1,,
Skyforth,Skyforth,,4,2,Sorcerer Boots,1,2,2
Slavedriver's Hand,Slavedrivers_Hand,,4,2,Ambush Mitts,1,2,2
Slitherpinch,Slitherpinch,,4,2,Bronzescale Gauntlets,1,2,2
Slivers of Providence,Slivers_of_Providence,,0,0,Serrated Arrow Quiver,1,2,3
Slivertongue,Slivertongue,,6,2,Harbinger Bow,1,,
Snakebite,Snakebite,,4,2,Assassin's Mitts,1,2,2
Snakepit,Snakepit,,0,0,Sapphire Ring,1,1,1
Solaris Lorica,Solaris_Lorica,,6,2,Copper Plate,1,2,3
Solstice Vigil,Solstice_Vigil,,0,0,Onyx Amulet,1,1,1
Song of the Sirens,Song_of_the_Sirens,,3,1,Fishing Rod,1,,
Soul Ascension,Soul_Ascension,,4,2,Carnal Mitts,1,2,2
Soul Catcher,Soul_Catcher,,0,0,Quartz Flask,1,1,2
Soul Mantle,Soul_Mantle,,6,2,Spidersilk Robe,1,2,3
Soul Ripper,Soul_Ripper,,0,0,Quartz Flask,1,1,2
Soul Strike,Soul_Strike,,0,0,Spike-Point Arrow Quiver,1,2,3
Soul Taker,Soul_Taker,,3,2,Siege Axe,1,,
Soul Tether,Soul_Tether,,0,0,Cloth Belt,1,2,1
Soulbound,Soulbound,,0,0,Paua Ring,1,1,1
Soul's Wick,Souls_Wick,,0,0,Cobalt Jewel,1,1,1
Soulthirst,Soulthirst,,0,0,Cloth Belt,1,2,1
Soulwrest,Soulwrest,,6,2,Ezomyte Staff,1,,
Southbound,Southbound,,4,2,Soldier Gloves,1,2,2
Speaker's Wreath,Speakers_Wreath,,4,2,Prophet Crown,1,2,2
Spine of the First Claimant,Spine_of_the_First_Claimant,,3,2,Iron Sceptre,0,,
Spire of Stone,Spire_of_Stone,,0,0,Crimson Jewel,0,1,1
Spirit Guards,Spirit_Guards,,0,0,Viridian Jewel,1,1,1
Spirited Response,Spirited_Response,,0,0,Cobalt Jewel,0,1,1
Splinter of the Moon,Splinter_of_the_Moon,,3,1,Driftwood Wand,1,1,3
Split Personality,Split_Personality,,0,0,Crimson Jewel,1,1,1
Sporeguard,Sporeguard,,6,2,Saint's Hauberk,1,,
Spreading Rot,Spreading_Rot,,0,0,Cobalt Jewel,0,1,1
Springleaf,Springleaf,,3,2,Plank Kite Shield,1,,
Star of Wraeclast,Star_of_Wraeclast,,0,0,Ruby Amulet,1,1,1
Starforge,Starforge,,6,2,Infernal Sword,1,,
Starkonja's Head,Starkonjas_Head,,4,2,Silken Hood,1,2,2
Starlight Chalice,Starlight_Chalice,,0,0,Iron Flask,1,1,2
Stasis Prison,Stasis_Prison,,6,2,Carnal Armour,1,,
Static Electricity,Static_Electricity,,0,0,Viridian Jewel,0,1,1
Steel Spirit,Steel_Spirit,,0,0,Viridian Jewel,0,1,1
Steelworm,Steelworm,,0,0,Broadhead Arrow Quiver,1,2,3
Steppan Eard,Steppan_Eard,,4,2,Sorcerer Boots,1,2,2
Stone of Lazhwar,Stone_of_Lazhwar,,0,0,Lapis Amulet,1,1,1
Storm Cloud,Storm_Cloud,,6,2,Long Bow,1,,
Storm Prison,Storm_Prison,,3,1,Spiraled Wand,1,1,3
Storm Secret,Storm_Secret,,0,0,Topaz Ring,1,1,1
Stormcharger,Stormcharger,,4,2,Plated Greaves,1,2,2
Stormfire,Stormfire,,0,0,Opal Ring,1,1,1
Storm's Gift,Storms_Gift,,4,2,Assassin's Mitts,0,2,2
Stormseeker,Stormseeker,,4,2,Ambush Mitts,1,2,2
Stormshroud,Stormshroud,,0,0,Viridian Jewel,1,1,1
Story of the Vaal,Story_of_the_Vaal,,3,1,Gemstone Sword,1,,
Stranglegasp,Stranglegasp,,0,0,Onyx Amulet,1,1,1
String of Servitude,String_of_Servitude,,0,0,Heavy Belt,1,2,1
Sublime Vision,Sublime_Vision,,0,0,Prismatic Jewel,1,1,1
Sudden Dawn,Sudden_Dawn,,4,2,Steel Circlet,1,2,2
Sudden Ignition,Sudden_Ignition,,0,0,Viridian Jewel,0,1,1
Sunblast,Sunblast,,0,0,Cloth Belt,1,2,1
Sundance,Sundance,,4,2,Clasped Boots,1,2,2
Surgebinders,Surgebinders,,4,2,Dragonscale Gauntlets,1,2,2
Survival Instincts,Survival_Instincts,,0,0,Viridian Jewel,0,1,1
Survival Secrets,Survival_Secrets,,0,0,Cobalt Jewel,0,1,1
Survival Skills,Survival_Skills,,0,0,Crimson Jewel,0,1,1
Survivor's Guilt,Survivors_Guilt,,0,0,Heavy Belt,1,2,1
Tabula Rasa,Tabula_Rasa,,6,2,Simple Robe,1,2,3
Tainted Pact,Tainted_Pact,,0,0,Coral Amulet,1,1,1
Talisman of the Victor,Talisman_of_the_Victor,,0,0,Jet Amulet,1,1,1
Tanu Ahi,Tanu_Ahi,,4,2,Wyrmscale Gauntlets,1,2,2
Taproot,Taproot,,3,1,Ambusher,1,1,3
Taryn's Shiver,Taryns_Shiver,,6,2,Maelström Staff,1,,
Tasalio's Sign,Tasalios_Sign,,0,0,Sapphire Ring,1,1,1
Taste of Hate,Taste_of_Hate,,0,0,Sapphire Flask,1,1,2
Tavukai,Tavukai,,0,0,Coral Amulet,1,1,1
Tawhanuku's Timing,Tawhanukus_Timing,,0,0,Moonstone Ring,1,1,1
Tear of Entropy,Tear_of_Entropy,,4,2,Iron Hat,1,2,2
Tear of Purity,Tear_of_Purity,,0,0,Lapis Amulet,1,1,1
Tecrod's Gaze,Tecrods_Gaze,,0,0,Murderous Eye Jewel,1,1,1
Tempered Flesh,Tempered_Flesh,,0,0,Crimson Jewel,1,1,1
Tempered Mind,Tempered_Mind,,0,0,Cobalt Jewel,1,1,1
Tempered Spirit,Tempered_Spirit,,0,0,Viridian Jewel,1,1,1
Temptation Step,Temptation_Step,,4,2,Shagreen Boots,1,2,2
Terminus Est,Terminus_Est,,6,2,Tiger Sword,1,,
The Admiral,The_Admiral,,6,2,Varnished Coat,1,,
The Anima Stone,The_Anima_Stone,,0,0,Prismatic Jewel,1,1,1
The Annihilating Light,The_Annihilating_Light,,6,2,Quarterstaff,1,,
The Anticipation,The_Anticipation,,3,2,Ezomyte Tower Shield,1,,
The Anvil,The_Anvil,,0,0,Amber Amulet,1,1,1
The Ascetic,The_Ascetic,,0,0,Gold Amulet,1,1,1
The Aylardex,The_Aylardex,,0,0,Agate Amulet,1,1,1
The Balance of Terror,The_Balance_of_Terror,,0,0,Cobalt Jewel,1,1,1
The Baron,The_Baron,,4,2,Close Helmet,1,2,2
The Beachhead,The_Beachhead,,0,0,Harbinger Map,1,1,1
The Beast Fur Shawl,The_Beast_Fur_Shawl,,6,2,Vaal Regalia,1,,
The Black Cane,The_Black_Cane,,3,2,Royal Sceptre,1,,
The Blood Dance,The_Blood_Dance,,4,2,Sharkskin Boots,1,2,2
The Blood Reaper,The_Blood_Reaper,,6,2,Headsman Axe,1,,
The Blood Thorn,The_Blood_Thorn,,6,2,Gnarled Branch,1,,
The Blue Dream,The_Blue_Dream,,0,0,Cobalt Jewel,1,1,1
The Blue Nightmare,The_Blue_Nightmare,,0,0,Cobalt Jewel,1,1,1
The Brass Dome,The_Brass_Dome,,6,2,Gladiator Plate,1,2,3
The Brine Crown,The_Brine_Crown,,4,2,Prophet Crown,1,2,2
The Bringer of Rain,The_Bringer_of_Rain,,4,2,Nightmare Bascinet,1,2,2
The Broken Crown,The_Broken_Crown,,4,2,Prophet Crown,1,2,2
The Burden of Truth,The_Burden_of_Truth,,0,0,Crystal Belt,1,2,1
The Cauteriser,The_Cauteriser,,6,2,Woodsplitter,0,,
The Coming Calamity,The_Coming_Calamity,,6,2,Destroyer Regalia,1,,
The Consuming Dark,The_Consuming_Dark,,3,1,Fiend Dagger,1,,
The Covenant,The_Covenant,,6,2,Spidersilk Robe,1,2,3
The Coward's Trial,The_Cowards_Trial,,0,0,Cursed Crypt Map,1,1,1
The Crimson Storm,The_Crimson_Storm,,6,2,Steelwood Bow,1,,
The Dancing Dervish,The_Dancing_Dervish,,6,2,Reaver Sword,1,,
The Dancing Duo,The_Dancing_Duo,,6,2,Reaver Sword,0,,
The Dark Seer,The_Dark_Seer,,3,2,Shadow Sceptre,1,,
The Deep One's Hide,The_Deep_Ones_Hide,,3,2,Studded Round Shield,1,,
The Devouring Diadem,The_Devouring_Diadem,,4,2,Necromancer Circlet,1,2,2
The Druggery,The_Druggery,,0,0,Cloth Belt,1,2,1
The Effigon,The_Effigon,,0,0,Gold Amulet,0,1,1
The Embalmer,The_Embalmer,,4,2,Carnal Mitts,1,2,2
The Enmity Divine,The_Enmity_Divine,,6,2,Imperial Staff,1,,
The Ephemeral Bond,The_Ephemeral_Bond,,0,0,Lapis Amulet,1,1,1
The Eternal Apple,The_Eternal_Apple,,3,2,Chiming Spirit Shield,1,,
The Eternal Struggle,The_Eternal_Struggle,,0,0,Onyx Amulet,1,1,1
The Eternity Shroud,The_Eternity_Shroud,,6,2,Blood Raiment,1,,
The Felbog Fang,The_Felbog_Fang,,0,0,Citrine Amulet,1,1,1
The Fledgling,The_Fledgling,,4,2,Lacquered Helmet,1,2,2
The Flow Untethered,The_Flow_Untethered,,0,0,Cloth Belt,1,2,1
The Formless Flame,The_Formless_Flame,,4,2,Royal Burgonet,1,2,2
The Formless Inferno,The_Formless_Inferno,,4,2,Royal Burgonet,1,2,2
The Fourth Vow,The_Fourth_Vow,,6,2,Devout Chainmail,1,,
The Fracturing Spinner,The_Fracturing_Spinner,,0,0,Blunt Arrow Quiver,1,2,3
The Front Line,The_Front_Line,,0,0,Small Cluster Jewel,1,1,1
The Fulcrum,The_Fulcrum,,6,2,Ezomyte Staff,1,,
The Ghastly Theatre,The_Ghastly_Theatre,,3,2,Teak Round Shield,1,,
The Gluttonous Tide,The_Gluttonous_Tide,,6,2,Citadel Bow,1,,
The Goddess Bound,The_Goddess_Bound,,3,1,Whalebone Rapier,1,,
The Goddess Scorned,The_Goddess_Scorned,,3,1,Elegant Sword,1,,
The Goddess Unleashed,The_Goddess_Unleashed,,3,1,Eternal Sword,0,,
The Golden Rule,The_Golden_Rule,,0,0,Viridian Jewel,1,1,1
The Green Dream,The_Green_Dream,,0,0,Viridian Jewel,1,1,1
The Green Nightmare,The_Green_Nightmare,,0,0,Viridian Jewel,1,1,1
The Grey Spire,The_Grey_Spire,,6,2,Judgement Staff,1,,
The Gryphon,The_Gryphon,,3,2,Jade Hatchet,0,2,2
The Gull,The_Gull,,4,2,Raven Mask,1,2,2
The Halcyon,The_Halcyon,,0,0,Jade Amulet,1,1,1
The Harvest,The_Harvest,,6,2,Jasper Chopper,1,,
The Hidden Blade,The_Hidden_Blade,,3,1,Ambusher,1,,
The Highwayman,The_Highwayman,,0,0,Gold Ring,1,1,1
The Hungry Loop,The_Hungry_Loop,,0,0,Unset Ring,1,1,1
The Ignomon,The_Ignomon,,0,0,Gold Amulet,1,1,1
The Immortal Will,The_Immortal_Will,,3,2,Archon Kite Shield,1,,
The Infinite Pursuit,The_Infinite_Pursuit,,4,2,Titan Greaves,1,2,2
The Interrogation,The_Interrogation,,0,0,Small Cluster Jewel,1,1,1
The Iron Fortress,The_Iron_Fortress,,6,2,Crusader Plate,0,2,3
The Iron Mass,The_Iron_Mass,,3,1,Gladius,1,,
The Ivory Tower,The_Ivory_Tower,,6,2,Saint's Hauberk,1,,
The Jinxed Juju,The_Jinxed_Juju,,0,0,Citrine Amulet,1,1,1
The Long Winter,The_Long_Winter,,0,0,Cobalt Jewel,0,1,1
The Magnate,The_Magnate,,0,0,Studded Belt,1,2,1
The Oak,The_Oak,,3,2,Plank Kite Shield,0,,
The Oppressor,The_Oppressor,,3,2,Elegant Round Shield,1,,
The Overflowing Chalice,The_Overflowing_Chalice,,0,0,Sulphur Flask,1,1,2
The Pandemonius,The_Pandemonius,,0,0,Jade Amulet,1,1,1
The Pariah,The_Pariah,,0,0,Unset Ring,1,1,1
The Peregrine,The_Peregrine,,4,2,Visored Sallet,0,,
The Perfect Form,The_Perfect_Form,,6,2,Zodiac Leather,1,,
The Poet's Pen,The_Poets_Pen,,3,1,Carved Wand,1,1,3
The Poised Prism,The_Poised_Prism,,0,0,Primal Arrow Quiver,1,2,3
The Primordial Chain,The_Primordial_Chain,,0,0,Coral Amulet,1,1,1
The Princess,The_Princess,,3,1,Sabre,1,,
The Putrid Cloister,The_Putrid_Cloister,,0,0,Museum Map,1,1,1
The Queen's Hunger,The_Queens_Hunger,,6,2,Vaal Regalia,1,,
The Rat Cage,The_Rat_Cage,,6,2,Sharkskin Tunic,1,,
The Red Dream,The_Red_Dream,,0,0,Crimson Jewel,1,1,1
The Red Nightmare,The_Red_Nightmare,,0,0,Crimson Jewel,1,1,1
The Red Trail,The_Red_Trail,,4,2,Titan Greaves,1,2,2
The Redblade,The_Redblade,,3,1,Gladius,0,,
The Restless Ward,The_Restless_Ward,,6,2,Carnal Armour,1,,
The Retch,The_Retch,,0,0,Rustic Sash,1,,
The Rippling Thoughts,The_Rippling_Thoughts,,3,1,Legion Sword,1,,
The Saviour,The_Saviour,,3,1,Legion Sword,1,,
The Scales of Justice,The_Scales_of_Justice,,3,2,Chiming Spirit Shield,1,,
The Scourge,The_Scourge,,4,2,Terror Claw,1,,
The Screaming Eagle,The_Screaming_Eagle,,3,2,Jade Hatchet,1,2,2
The Searing Touch,The_Searing_Touch,,6,2,Lathi,1,,
The Shattered Divinity,The_Shattered_Divinity,,0,0,Blunt Arrow Quiver,1,2,3
The Siege,The_Siege,,0,0,Small Cluster Jewel,1,1,1
The Signal Fire,The_Signal_Fire,,0,0,Blazing Arrow Quiver,0,2,3
The Snowblind Grace,The_Snowblind_Grace,,6,2,Zodiac Leather,1,,
The Sorrow of the Divine,The_Sorrow_of_the_Divine,,0,0,Sulphur Flask,1,1,2
The Squire,The_Squire,,3,2,Elegant Round Shield,1,,
The Stampede,The_Stampede,,4,2,Assassin's Boots,1,2,2
The Stormheart,The_Stormheart,,6,2,Royal Staff,1,,
The Supreme Truth,The_Supreme_Truth,,3,2,Crystal Sceptre,1,,
The Surging Thoughts,The_Surging_Thoughts,,3,1,Legion Sword,1,,
The Surrender,The_Surrender,,3,2,Ezomyte Tower Shield,1,,
The Taming,The_Taming,,0,0,Prismatic Ring,1,1,1
The Tempest,The_Tempest,,6,2,Long Bow,0,,
The Tempest's Binding,The_Tempests_Binding,,4,2,Callous Mask,1,2,2
The Tempest's Liberation,The_Tempests_Liberation,,4,2,Callous Mask,1,2,2
The Tempestuous Steel,The_Tempestuous_Steel,,3,1,War Sword,1,,
The Three Dragons,The_Three_Dragons,,4,2,Golden Mask,1,2,2
The Torrent's Reclamation,The_Torrents_Reclamation,,0,0,Cloth Belt,1,2,1
The Tower of Ordeals,The_Tower_of_Ordeals,,0,0,Engraved Ultimatum,1,,
The Twilight Temple,The_Twilight_Temple,,0,0,Moon Temple Map,1,1,1
The Unshattered Will,The_Unshattered_Will,,3,2,Archon Kite Shield,1,,
The Vertex,The_Vertex,,4,2,Vaal Mask,1,2,2
The Vigil,The_Vigil,,0,0,Crimson Jewel,0,1,1
The Vinktar Square,The_Vinktar_Square,,0,0,Courtyard Map,1,1,1
The Warden's Brand,The_Wardens_Brand,,0,0,Iron Ring,1,1,1
The Wasp Nest,The_Wasp_Nest,,4,2,Throat Stabber,1,,
The Whispering Ice,The_Whispering_Ice,,6,2,Vile Staff,1,,
The Winds of Fate,The_Winds_of_Fate,,6,2,Foul Staff,1,,
The Wise Oak,The_Wise_Oak,,0,0,Bismuth Flask,1,1,2
The Writhing Jar,The_Writhing_Jar,,0,0,Hallowed Hybrid Flask,1,1,2
The Yielding Mortality,The_Yielding_Mortality,,6,2,Imperial Staff,1,,
Thief's Torment,Thiefs_Torment,,0,0,Prismatic Ring,1,1,1
Thirst for Horrors,Thirst_for_Horrors,,3,2,War Buckler,0,,
Thousand Ribbons,Thousand_Ribbons,,6,2,Simple Robe,1,2,3
Thousand Teeth Temu,Thousand_Teeth_Temu,,3,2,Vaal Buckler,1,,
Thread of Hope,Thread_of_Hope,,0,0,Crimson Jewel,1,1,1
Three-step Assault,Three-step_Assault,,4,2,Shagreen Boots,1,2,2
Thrillsteel,Thrillsteel,,4,2,Barbute Helmet,1,2,2
Thunder of the Dawn,Thunder_of_the_Dawn,,6,2,Corroded Blade,1,,
Thunderfist,Thunderfist,,4,2,Murder Mitts,1,2,2
Thundersight,Thundersight,,4,2,Solaris Circlet,1,2,2
Tidebreaker,Tidebreaker,,6,2,Imperial Maul,1,,
Timeclasp,Timeclasp,,0,0,Moonstone Ring,1,1,1
Timetwist,Timetwist,,0,0,Moonstone Ring,0,1,1
Tinkerskin,Tinkerskin,,6,2,Sadist Garb,1,,
Titucius' Span,Titucius_Span,,3,2,Reinforced Tower Shield,1,,
To Dust,To_Dust,,0,0,Cobalt Jewel,1,1,1
Tombfist,Tombfist,,4,2,Steelscale Gauntlets,1,2,2
Torchoak Step,Torchoak_Step,,4,2,Antique Greaves,1,2,2
Touch of Anguish,Touch_of_Anguish,,4,2,Imperial Claw,1,,
Transcendent Flesh,Transcendent_Flesh,,0,0,Crimson Jewel,1,1,1
Transcendent Mind,Transcendent_Mind,,0,0,Cobalt Jewel,1,1,1
Transcendent Spirit,Transcendent_Spirit,,0,0,Viridian Jewel,1,1,1
Tremor Rod,Tremor_Rod,,6,2,Military Staff,1,,
Triad Grip,Triad_Grip,,4,2,Mesh Gloves,1,2,2
Triumvirate Authority,Triumvirate_Authority,,0,0,Unset Ring,1,1,1
Trolltimber Spire,Trolltimber_Spire,,3,2,Cedar Tower Shield,1,,
Trypanon,Trypanon,,6,2,Great Mallet,1,,
Tukohama's Fortress,Tukohamas_Fortress,,3,2,Ebony Tower Shield,1,,
Tulborn,Tulborn,,3,1,Opal Wand,1,1,3
Tulfall,Tulfall,,3,1,Opal Wand,1,1,3
Twisted Distant Memory,Twisted_Distant_Memory,,0,0,Synthesised Map,1,1,1
Twyzel,Twyzel,,3,1,Sage Wand,1,1,3
Ulaman's Gaze,Ulamans_Gaze,,0,0,Searching Eye Jewel,1,1,1
Umbilicus Immortalis,Umbilicus_Immortalis,,0,0,Leather Belt,1,2,1
Unending Hunger,Unending_Hunger,,0,0,Cobalt Jewel,1,1,1
Ungil's Gauche,Ungils_Gauche,,3,1,Boot Knife,1,,
Ungil's Harmony,Ungils_Harmony,,0,0,Turquoise Amulet,1,1,1
United in Dream,United_in_Dream,,3,1,Cutlass,1,,
Unnatural Instinct,Unnatural_Instinct,,0,0,Viridian Jewel,1,1,1
Unstable Payload,Unstable_Payload,,0,0,Cobalt Jewel,0,1,1
Unyielding Flame,Unyielding_Flame,,3,2,Archon Kite Shield,1,,
Usurper's Penance,Usurpers_Penance,,4,2,Eternal Burgonet,1,2,2
Utula's Hunger,Utulas_Hunger,,6,2,Majestic Plate,1,2,3
Uul-Netol's Embrace,Uul-Netols_Embrace,,6,2,Vaal Axe,1,,
Uul-Netol's Kiss,Uul-Netols_Kiss,,6,2,Vaal Axe,1,,
Uul-Netol's Vow,Uul-Netols_Vow,,0,0,Unset Amulet,1,1,1
Uzaza's Meadow,Uzazas_Meadow,,0,0,Sapphire Ring,1,1,1
Uzaza's Mountain,Uzazas_Mountain,,0,0,Sapphire Ring,1,1,1
Uzaza's Valley,Uzazas_Valley,,0,0,Sapphire Ring,1,1,1
Vaal Caress,Vaal_Caress,,4,2,Bronzescale Gauntlets,1,2,2
Vaal Sentencing,Vaal_Sentencing,,0,0,Cobalt Jewel,0,1,1
Valako's Sign,Valakos_Sign,,0,0,Topaz Ring,1,1,1
Valyrium,Valyrium,,0,0,Moonstone Ring,1,1,1
Varunastra,Varunastra,,3,1,Vaal Blade,1,,
Vaults of Atziri,Vaults_of_Atziri,,0,0,Vaal Pyramid Map,1,1,1
Veil of the Night,Veil_of_the_Night,,4,2,Great Helmet,1,2,2
Venopuncture,Venopuncture,,0,0,Iron Ring,1,1,1
Ventor's Gamble,Ventors_Gamble,,0,0,Gold Ring,1,1,1
Veruso's Battering Rams,Verusos_Battering_Rams,,4,2,Titan Gauntlets,1,2,2
Vessel of Vinktar,Vessel_of_Vinktar,,0,0,Topaz Flask,1,1,2
Victario's Acuity,Victarios_Acuity,,0,0,Turquoise Amulet,1,1,1
Victario's Charity,Victarios_Charity,,3,2,Laminated Kite Shield,1,,
Victario's Flight,Victarios_Flight,,4,2,Goathide Boots,1,2,2
Victario's Influence,Victarios_Influence,,6,2,Lacquered Garb,1,,
Violent Dead,Violent_Dead,,0,0,Cobalt Jewel,0,1,1
Viridi's Veil,Viridis_Veil,,4,2,Praetor Crown,1,2,2
Vis Mortis,Vis_Mortis,,6,2,Necromancer Silks,1,,
Vivinsect,Vivinsect,,0,0,Unset Ring,1,1,1
Vix Lunaris,Vix_Lunaris,,3,2,Cardinal Round Shield,1,,
Vixen's Entrapment,Vixens_Entrapment,,4,2,Embroidered Gloves,1,2,2
Voice of the Storm,Voice_of_the_Storm,,0,0,Lapis Amulet,1,1,1
Voices,Voices,,0,0,Large Cluster Jewel,1,1,1
Void Battery,Void_Battery,,3,1,Prophecy Wand,1,1,3
Voidbringer,Voidbringer,,4,2,Conjurer Gloves,1,2,2
Voideye,Voideye,,1,1,Unset Ring,1,1,1
Voidfletcher,Voidfletcher,,0,0,Primal Arrow Quiver,1,2,3
Voidforge,Voidforge,,6,2,Infernal Sword,1,,
Voidheart,Voidheart,,0,0,Iron Ring,0,1,1
Voidhome,Voidhome,,6,2,Dread Maul,1,,
Voidwalker,Voidwalker,,4,2,Murder Boots,1,2,2
Volkuur's Guidance,Volkuurs_Guidance,,4,2,Zealot Gloves,1,2,2
Volley Fire,Volley_Fire,,0,0,Viridian Jewel,0,1,1
Voll's Devotion,Volls_Devotion,,0,0,Agate Amulet,1,1,1
Voll's Protector,Volls_Protector,,6,2,Holy Chainmail,1,,
Voll's Vision,Volls_Vision,,4,2,Praetor Crown,1,2,2
Voltaxic Rift,Voltaxic_Rift,,6,2,Spine Bow,1,,
Vorana's March,Voranas_March,,4,2,Runic Sabatons,1,,
Vorana's Preparation,Voranas_Preparation,,0,0,Iron Flask,1,1,2
Vulconus,Vulconus,,3,1,Demon Dagger,1,,
Wake of Destruction,Wake_of_Destruction,,4,2,Mesh Boots,1,2,2
Wanderlust,Wanderlust,,4,2,Wool Shoes,1,2,2
Warlord's Reach,Warlords_Reach,,0,0,Crimson Jewel,0,1,1
Warped Timepiece,Warped_Timepiece,,0,0,Turquoise Amulet,1,1,1
Warrior's Legacy,Warriors_Legacy,,0,0,Ruby Ring,1,1,1
Warrior's Tale,Warriors_Tale,,0,0,Crimson Jewel,1,1,1
Watcher's Eye,Watchers_Eye,,0,0,Prismatic Jewel,1,1,1
Weight of Sin,Weight_of_Sin,,0,0,Viridian Jewel,0,1,1
Weight of the Empire,Weight_of_the_Empire,,0,0,Crimson Jewel,0,1,1
Whakatutuki o Matua,Whakatutuki_o_Matua,,3,2,Tarnished Spirit Shield,0,,
Whakawairua Tuahu,Whakawairua_Tuahu,,0,0,Strand Map,1,1,1
Wheel of the Stormsail,Wheel_of_the_Stormsail,,3,2,Rotted Round Shield,1,,
White Wind,White_Wind,,3,1,Imperial Skean,1,,
Wideswing,Wideswing,,6,2,Poleaxe,1,,
Widowhail,Widowhail,,6,2,Crude Bow,1,,
Widowmaker,Widowmaker,,3,1,Boot Blade,1,,
Wildfire,Wildfire,,0,0,Crimson Jewel,0,1,1
Wildslash,Wildslash,,4,2,Awl,1,,
Willclash,Willclash,,4,2,Golden Mask,1,2,2
Willowgift,Willowgift,,0,0,Jade Amulet,1,1,1
Wilma's Requital,Wilmas_Requital,,4,2,Solaris Circlet,1,2,2
Windripper,Windripper,,6,2,Imperial Bow,1,,
Winds of Change,Winds_of_Change,,4,2,Ancient Gauntlets,1,2,2
Windscream,Windscream,,4,2,Reinforced Greaves,1,2,2
Wings of Entropy,Wings_of_Entropy,,6,2,Ezomyte Axe,1,,
Winter Burial,Winter_Burial,,0,0,Crimson Jewel,0,1,1
Winterheart,Winterheart,,0,0,Gold Amulet,1,1,1
Winter's Bounty,Winters_Bounty,,0,0,Cobalt Jewel,0,1,1
Winterweave,Winterweave,,0,0,Coral Ring,0,1,1
Witchbane,Witchbane,,0,0,Cobalt Jewel,1,1,1
Witchfire Brew,Witchfire_Brew,,0,0,Stibnite Flask,1,1,2
Witchhunter's Judgment,Witchhunters_Judgment,,6,2,Highborn Staff,1,,
Wondertrap,Wondertrap,,4,2,Velvet Slippers,1,2,2
Wraithlord,Wraithlord,,4,2,Bone Circlet,1,2,2
Wreath of Phrecia,Wreath_of_Phrecia,,4,2,Iron Circlet,1,2,2
Wurm's Molt,Wurms_Molt,,0,0,Leather Belt,1,2,1
Wyrmsign,Wyrmsign,,4,2,Wyrmscale Gauntlets,1,2,2
Xirgil's Crank,Xirgils_Crank,,6,2,Coiled Staff,1,,
Xoph's Blood,Xophs_Blood,,0,0,Amber Amulet,1,1,1
Xoph's Heart,Xophs_Heart,,0,0,Amber Amulet,1,1,1
Xoph's Inception,Xophs_Inception,,6,2,Citadel Bow,1,,
Xoph's Nurture,Xophs_Nurture,,6,2,Citadel Bow,1,,
Yaomac's Accord,Yaomacs_Accord,,3,2,Vaal Sceptre,1,,
Ylfeban's Trickery,Ylfebans_Trickery,,4,2,Hubris Circlet,1,2,2
Yoke of Suffering,Yoke_of_Suffering,,0,0,Onyx Amulet,1,1,1
Yriel's Fostering,Yriels_Fostering,,6,2,Exquisite Leather,1,,
Zahndethus' Cassock,Zahndethus_Cassock,,6,2,Sage's Robe,1,2,3
Zeel's Amplifier,Zeels_Amplifier,,3,2,Polished Spiked Shield,1,,
Zerphi's Heart,Zerphis_Heart,,0,0,Paua Amulet,1,1,1
Zerphi's Last Breath,Zerphis_Last_Breath,,0,0,Grand Mana Flask,1,1,2
